sample_id,fastq_r1,fastq_r2
01_GFL_2001,/scratch/glamka/ms_kratepi_01_read_qc/untar_seq/1530_01_GFL_2001_CACTGTAG-AGTCGCTT_L00M_R1_001.fastq.gz,/scratch/glamka/ms_kratepi_01_read_qc/untar_seq/1530_01_GFL_2001_CACTGTAG-AGTCGCTT_L00M_R2_001.fastq.gz
02_GFL_1614,/scratch/glamka/ms_kratepi_01_read_qc/untar_seq/1530_02_GFL_1614_GTGCACGA-GCCTATCA_L00M_R1_001.fastq.gz,/scratch/glamka/ms_kratepi_01_read_qc/untar_seq/1530_02_GFL_1614_GTGCACGA-GCCTATCA_L00M_R2_001.fastq.gz
03_GFL_3297,/scratch/glamka/ms_kratepi_01_read_qc/untar_seq/1530_03_GFL_3297_AAGCGACT-GGATTCGT_L00M_R1_001.fastq.gz,/scratch/glamka/ms_kratepi_01_read_qc/untar_seq/1530_03_GFL_3297_AAGCGACT-GGATTCGT_L00M_R2_001.fastq.gz
04_GFL_3175,/scratch/glamka/ms_kratepi_01_read_qc/untar_seq/1530_04_GFL_3175_TGATAGGC-ACTCAGAC_L00M_R1_001.fastq.gz,/scratch/glamka/ms_kratepi_01_read_qc/untar_seq/1530_04_GFL_3175_TGATAGGC-ACTCAGAC_L00M_R2_001.fastq.gz
05_GFL_3824,/scratch/glamka/ms_kratepi_01_read_qc/untar_seq/1530_05_GFL_3824_AGACCTTG-GCACGTAA_L00M_R1_001.fastq.gz,/scratch/glamka/ms_kratepi_01_read_qc/untar_seq/1530_05_GFL_3824_AGACCTTG-GCACGTAA_L00M_R2_001.fastq.gz
06_GFL_2780,/scratch/glamka/ms_kratepi_01_read_qc/untar_seq/1530_06_GFL_2780_GTCGTTAC-GCTTAGCT_L00M_R1_001.fastq.gz,/scratch/glamka/ms_kratepi_01_read_qc/untar_seq/1530_06_GFL_2780_GTCGTTAC-GCTTAGCT_L00M_R2_001.fastq.gz
07_GFL_2770,/scratch/glamka/ms_kratepi_01_read_qc/untar_seq/1530_07_GFL_2770_GTCTGAGT-CACAAGTC_L00M_R1_001.fastq.gz,/scratch/glamka/ms_kratepi_01_read_qc/untar_seq/1530_07_GFL_2770_GTCTGAGT-CACAAGTC_L00M_R2_001.fastq.gz
08_GFL_3160,/scratch/glamka/ms_kratepi_01_read_qc/untar_seq/1530_08_GFL_3160_ATTACCCA-CTACAGTG_L00M_R1_001.fastq.gz,/scratch/glamka/ms_kratepi_01_read_qc/untar_seq/1530_08_GFL_3160_ATTACCCA-CTACAGTG_L00M_R2_001.fastq.gz
09_GFL_3165,/scratch/glamka/ms_kratepi_01_read_qc/untar_seq/1530_09_GFL_3165_TTCAATAG-TCGTGGGA_L00M_R1_001.fastq.gz,/scratch/glamka/ms_kratepi_01_read_qc/untar_seq/1530_09_GFL_3165_TTCAATAG-TCGTGGGA_L00M_R2_001.fastq.gz
10_GFL_3396,/scratch/glamka/ms_kratepi_01_read_qc/untar_seq/1530_10_GFL_3396_GTTTGCTC-CTGTTGGT_L00M_R1_001.fastq.gz,/scratch/glamka/ms_kratepi_01_read_qc/untar_seq/1530_10_GFL_3396_GTTTGCTC-CTGTTGGT_L00M_R2_001.fastq.gz
11_GFL_2323,/scratch/glamka/ms_kratepi_01_read_qc/untar_seq/1530_11_GFL_2323_ACCGGAGT-CCTTCCTT_L00M_R1_001.fastq.gz,/scratch/glamka/ms_kratepi_01_read_qc/untar_seq/1530_11_GFL_2323_ACCGGAGT-CCTTCCTT_L00M_R2_001.fastq.gz
12_GFL_1777,/scratch/glamka/ms_kratepi_01_read_qc/untar_seq/1530_12_GFL_1777_CTTGACGA-TTGTGTGC_L00M_R1_001.fastq.gz,/scratch/glamka/ms_kratepi_01_read_qc/untar_seq/1530_12_GFL_1777_CTTGACGA-TTGTGTGC_L00M_R2_001.fastq.gz
13_GFL_2815,/scratch/glamka/ms_kratepi_01_read_qc/untar_seq/1530_13_GFL_2815_TGTTCGCC-TCCTACCT_L00M_R1_001.fastq.gz,/scratch/glamka/ms_kratepi_01_read_qc/untar_seq/1530_13_GFL_2815_TGTTCGCC-TCCTACCT_L00M_R2_001.fastq.gz
14_GFL_3409,/scratch/glamka/ms_kratepi_01_read_qc/untar_seq/1530_14_GFL_3409_ACAAGGCA-TTGCGCGA_L00M_R1_001.fastq.gz,/scratch/glamka/ms_kratepi_01_read_qc/untar_seq/1530_14_GFL_3409_ACAAGGCA-TTGCGCGA_L00M_R2_001.fastq.gz
15_GFL_3439,/scratch/glamka/ms_kratepi_01_read_qc/untar_seq/1530_15_GFL_3439_CCTGTCAA-ACAGCCAT_L00M_R1_001.fastq.gz,/scratch/glamka/ms_kratepi_01_read_qc/untar_seq/1530_15_GFL_3439_CCTGTCAA-ACAGCCAT_L00M_R2_001.fastq.gz
16_GFL_1568,/scratch/glamka/ms_kratepi_01_read_qc/untar_seq/1530_16_GFL_1568_CCATCCGC-TACGCCTT_L00M_R1_001.fastq.gz,/scratch/glamka/ms_kratepi_01_read_qc/untar_seq/1530_16_GFL_1568_CCATCCGC-TACGCCTT_L00M_R2_001.fastq.gz
17_GFL_1356,/scratch/glamka/ms_kratepi_01_read_qc/untar_seq/1530_17_GFL_1356_ATGGCTGT-TTGACAGG_L00M_R1_001.fastq.gz,/scratch/glamka/ms_kratepi_01_read_qc/untar_seq/1530_17_GFL_1356_ATGGCTGT-TTGACAGG_L00M_R2_001.fastq.gz
18_GFL_1642,/scratch/glamka/ms_kratepi_01_read_qc/untar_seq/1530_18_GFL_1642_AAGGCGTA-GCGGATGG_L00M_R1_001.fastq.gz,/scratch/glamka/ms_kratepi_01_read_qc/untar_seq/1530_18_GFL_1642_AAGGCGTA-GCGGATGG_L00M_R2_001.fastq.gz
19_GFL_1247,/scratch/glamka/ms_kratepi_01_read_qc/untar_seq/1530_19_GFL_1247_AGGTAGGA-GGCGAACA_L00M_R1_001.fastq.gz,/scratch/glamka/ms_kratepi_01_read_qc/untar_seq/1530_19_GFL_1247_AGGTAGGA-GGCGAACA_L00M_R2_001.fastq.gz
20_GFL_2079,/scratch/glamka/ms_kratepi_01_read_qc/untar_seq/1530_20_GFL_2079_TCGCGCAA-TGCCTTGT_L00M_R1_001.fastq.gz,/scratch/glamka/ms_kratepi_01_read_qc/untar_seq/1530_20_GFL_2079_TCGCGCAA-TGCCTTGT_L00M_R2_001.fastq.gz
21_GFL_4982,/scratch/glamka/ms_kratepi_01_read_qc/untar_seq/1530_21_GFL_4982_AAGGAAGG-ACTCCGGT_L00M_R1_001.fastq.gz,/scratch/glamka/ms_kratepi_01_read_qc/untar_seq/1530_21_GFL_4982_AAGGAAGG-ACTCCGGT_L00M_R2_001.fastq.gz
22_GFL_4921,/scratch/glamka/ms_kratepi_01_read_qc/untar_seq/1530_22_GFL_4921_GCACACAA-TCGTCAAG_L00M_R1_001.fastq.gz,/scratch/glamka/ms_kratepi_01_read_qc/untar_seq/1530_22_GFL_4921_GCACACAA-TCGTCAAG_L00M_R2_001.fastq.gz
23_GFL_5141,/scratch/glamka/ms_kratepi_01_read_qc/untar_seq/1530_23_GFL_5141_TCCCACGA-CTATTGAA_L00M_R1_001.fastq.gz,/scratch/glamka/ms_kratepi_01_read_qc/untar_seq/1530_23_GFL_5141_TCCCACGA-CTATTGAA_L00M_R2_001.fastq.gz
24_GFL_5132,/scratch/glamka/ms_kratepi_01_read_qc/untar_seq/1530_24_GFL_5132_GTAACCGA-GGTGTCTT_L00M_R1_001.fastq.gz,/scratch/glamka/ms_kratepi_01_read_qc/untar_seq/1530_24_GFL_5132_GTAACCGA-GGTGTCTT_L00M_R2_001.fastq.gz
25_GFL_9054,/scratch/glamka/ms_kratepi_01_read_qc/untar_seq/1530_25_GFL_9054_TTACCGAC-CGTATTCG_L00M_R1_001.fastq.gz,/scratch/glamka/ms_kratepi_01_read_qc/untar_seq/1530_25_GFL_9054_TTACCGAC-CGTATTCG_L00M_R2_001.fastq.gz
26_GFL_9052,/scratch/glamka/ms_kratepi_01_read_qc/untar_seq/1530_26_GFL_9052_TCGTCTGA-TCAAGGAC_L00M_R1_001.fastq.gz,/scratch/glamka/ms_kratepi_01_read_qc/untar_seq/1530_26_GFL_9052_TCGTCTGA-TCAAGGAC_L00M_R2_001.fastq.gz
27_GFL_1236,/scratch/glamka/ms_kratepi_01_read_qc/untar_seq/1530_27_GFL_1236_TTCCAGGT-AAGCACTG_L00M_R1_001.fastq.gz,/scratch/glamka/ms_kratepi_01_read_qc/untar_seq/1530_27_GFL_1236_TTCCAGGT-AAGCACTG_L00M_R2_001.fastq.gz
28_GFL_0912,/scratch/glamka/ms_kratepi_01_read_qc/untar_seq/1530_28_GFL_0912_TACGGTCT-GCAATGGA_L00M_R1_001.fastq.gz,/scratch/glamka/ms_kratepi_01_read_qc/untar_seq/1530_28_GFL_0912_TACGGTCT-GCAATGGA_L00M_R2_001.fastq.gz
29_GFL_1636,/scratch/glamka/ms_kratepi_01_read_qc/untar_seq/1530_29_GFL_1636_AAGACCGT-CAATCGAC_L00M_R1_001.fastq.gz,/scratch/glamka/ms_kratepi_01_read_qc/untar_seq/1530_29_GFL_1636_AAGACCGT-CAATCGAC_L00M_R2_001.fastq.gz
30_GFL_2093,/scratch/glamka/ms_kratepi_01_read_qc/untar_seq/1530_30_GFL_2093_CAGGTTCA-GGCGTTAT_L00M_R1_001.fastq.gz,/scratch/glamka/ms_kratepi_01_read_qc/untar_seq/1530_30_GFL_2093_CAGGTTCA-GGCGTTAT_L00M_R2_001.fastq.gz
31_GFL_2763,/scratch/glamka/ms_kratepi_01_read_qc/untar_seq/1530_31_GFL_2763_GAATCCGT-TGGAGTTG_L00M_R1_001.fastq.gz,/scratch/glamka/ms_kratepi_01_read_qc/untar_seq/1530_31_GFL_2763_GAATCCGT-TGGAGTTG_L00M_R2_001.fastq.gz
32_GFL_3122,/scratch/glamka/ms_kratepi_01_read_qc/untar_seq/1530_32_GFL_3122_TACTCCAG-CCTATACC_L00M_R1_001.fastq.gz,/scratch/glamka/ms_kratepi_01_read_qc/untar_seq/1530_32_GFL_3122_TACTCCAG-CCTATACC_L00M_R2_001.fastq.gz
33_GFL_4540,/scratch/glamka/ms_kratepi_01_read_qc/untar_seq/1530_33_GFL_4540_AGTGACCT-CTCCTAGA_L00M_R1_001.fastq.gz,/scratch/glamka/ms_kratepi_01_read_qc/untar_seq/1530_33_GFL_4540_AGTGACCT-CTCCTAGA_L00M_R2_001.fastq.gz
34_GFL_9552,/scratch/glamka/ms_kratepi_01_read_qc/untar_seq/1530_34_GFL_9552_AGCCTATC-GTTACGCA_L00M_R1_001.fastq.gz,/scratch/glamka/ms_kratepi_01_read_qc/untar_seq/1530_34_GFL_9552_AGCCTATC-GTTACGCA_L00M_R2_001.fastq.gz
35_GFL_1280,/scratch/glamka/ms_kratepi_01_read_qc/untar_seq/1530_35_GFL_1280_TCATCTCC-CTAGCAAG_L00M_R1_001.fastq.gz,/scratch/glamka/ms_kratepi_01_read_qc/untar_seq/1530_35_GFL_1280_TCATCTCC-CTAGCAAG_L00M_R2_001.fastq.gz
36_GFL_1242,/scratch/glamka/ms_kratepi_01_read_qc/untar_seq/1530_36_GFL_1242_CCAGTATC-ATCTCGCT_L00M_R1_001.fastq.gz,/scratch/glamka/ms_kratepi_01_read_qc/untar_seq/1530_36_GFL_1242_CCAGTATC-ATCTCGCT_L00M_R2_001.fastq.gz
37_GFL_1439,/scratch/glamka/ms_kratepi_01_read_qc/untar_seq/1530_37_GFL_1439_TTGCGAGA-GTGCCATA_L00M_R1_001.fastq.gz,/scratch/glamka/ms_kratepi_01_read_qc/untar_seq/1530_37_GFL_1439_TTGCGAGA-GTGCCATA_L00M_R2_001.fastq.gz
38_GFL_1933,/scratch/glamka/ms_kratepi_01_read_qc/untar_seq/1530_38_GFL_1933_GAACGAAG-GGTGATTC_L00M_R1_001.fastq.gz,/scratch/glamka/ms_kratepi_01_read_qc/untar_seq/1530_38_GFL_1933_GAACGAAG-GGTGATTC_L00M_R2_001.fastq.gz
39_GFL_0238,/scratch/glamka/ms_kratepi_01_read_qc/untar_seq/1530_39_GFL_0238_CGAATTGC-CACCTTAC_L00M_R1_001.fastq.gz,/scratch/glamka/ms_kratepi_01_read_qc/untar_seq/1530_39_GFL_0238_CGAATTGC-CACCTTAC_L00M_R2_001.fastq.gz
40_GFL_1577,/scratch/glamka/ms_kratepi_01_read_qc/untar_seq/1530_40_GFL_1577_GGAAGAGA-TTCTCTCG_L00M_R1_001.fastq.gz,/scratch/glamka/ms_kratepi_01_read_qc/untar_seq/1530_40_GFL_1577_GGAAGAGA-TTCTCTCG_L00M_R2_001.fastq.gz
41_GFL_1244,/scratch/glamka/ms_kratepi_01_read_qc/untar_seq/1530_41_GFL_1244_TCGGATTC-TAGTTGCG_L00M_R1_001.fastq.gz,/scratch/glamka/ms_kratepi_01_read_qc/untar_seq/1530_41_GFL_1244_TCGGATTC-TAGTTGCG_L00M_R2_001.fastq.gz
42_GFL_1934,/scratch/glamka/ms_kratepi_01_read_qc/untar_seq/1530_42_GFL_1934_CTGTACCA-AGTCTGTG_L00M_R1_001.fastq.gz,/scratch/glamka/ms_kratepi_01_read_qc/untar_seq/1530_42_GFL_1934_CTGTACCA-AGTCTGTG_L00M_R2_001.fastq.gz
43_GFL_4801,/scratch/glamka/ms_kratepi_01_read_qc/untar_seq/1530_43_GFL_4801_CATGAGCA-GCAAGATC_L00M_R1_001.fastq.gz,/scratch/glamka/ms_kratepi_01_read_qc/untar_seq/1530_43_GFL_4801_CATGAGCA-GCAAGATC_L00M_R2_001.fastq.gz
44_GFL_4839,/scratch/glamka/ms_kratepi_01_read_qc/untar_seq/1530_44_GFL_4839_TCTACGCA-GGCTATTG_L00M_R1_001.fastq.gz,/scratch/glamka/ms_kratepi_01_read_qc/untar_seq/1530_44_GFL_4839_TCTACGCA-GGCTATTG_L00M_R2_001.fastq.gz
45_GFL_4536,/scratch/glamka/ms_kratepi_01_read_qc/untar_seq/1530_45_GFL_4536_GCAATTCC-TGTTCGAG_L00M_R1_001.fastq.gz,/scratch/glamka/ms_kratepi_01_read_qc/untar_seq/1530_45_GFL_4536_GCAATTCC-TGTTCGAG_L00M_R2_001.fastq.gz
46_GFL_5162,/scratch/glamka/ms_kratepi_01_read_qc/untar_seq/1530_46_GFL_5162_CTTAGGAC-CAGTGAAG_L00M_R1_001.fastq.gz,/scratch/glamka/ms_kratepi_01_read_qc/untar_seq/1530_46_GFL_5162_CTTAGGAC-CAGTGAAG_L00M_R2_001.fastq.gz
47_GFL_9056,/scratch/glamka/ms_kratepi_01_read_qc/untar_seq/1530_47_GFL_9056_ATCTGACC-AAGTCGAG_L00M_R1_001.fastq.gz,/scratch/glamka/ms_kratepi_01_read_qc/untar_seq/1530_47_GFL_9056_ATCTGACC-AAGTCGAG_L00M_R2_001.fastq.gz
48_GFL_9038,/scratch/glamka/ms_kratepi_01_read_qc/untar_seq/1530_48_GFL_9038_TCCTCATG-AGGTGTAC_L00M_R1_001.fastq.gz,/scratch/glamka/ms_kratepi_01_read_qc/untar_seq/1530_48_GFL_9038_TCCTCATG-AGGTGTAC_L00M_R2_001.fastq.gz
49_GFL_1571,/scratch/glamka/ms_kratepi_01_read_qc/untar_seq/1530_49_GFL_1571_CAAGGTAC-GAGATACG_L00M_R1_001.fastq.gz,/scratch/glamka/ms_kratepi_01_read_qc/untar_seq/1530_49_GFL_1571_CAAGGTAC-GAGATACG_L00M_R2_001.fastq.gz
